entropy,error
2.82421914529393668921060013095373991453511324842591336977065791259957981545543051384153289787017966085166408950539620527690414752925312661611292451715,1.03646665962291126012e-62
